,0
0,<__main__.SuperNode object at 0x7f4fdf7f9d30>
1,<__main__.SuperNode object at 0x7f4fdf7f9e20>
2,<__main__.SuperNode object at 0x7f4fde6a6040>
3,<__main__.SuperNode object at 0x7f4fde6cda90>
4,<__main__.SuperNode object at 0x7f4fde47ad90>
5,<__main__.SuperNode object at 0x7f4fde40d9d0>
6,<__main__.SuperNode object at 0x7f4fde3d0a00>
7,<__main__.SuperNode object at 0x7f4fde34b850>
8,<__main__.SuperNode object at 0x7f4fde18cfa0>
9,<__main__.SuperNode object at 0x7f4fde0e7e20>
10,<__main__.SuperNode object at 0x7f4fde0c3430>
11,<__main__.SuperNode object at 0x7f4fde0654f0>
12,<__main__.SuperNode object at 0x7f4fde003be0>
13,<__main__.SuperNode object at 0x7f4fddf65a30>
14,<__main__.SuperNode object at 0x7f4fddf2a310>
15,<__main__.SuperNode object at 0x7f4fddef1cd0>
16,<__main__.SuperNode object at 0x7f4fddeb3490>
17,<__main__.SuperNode object at 0x7f4fdde67160>
18,<__main__.SuperNode object at 0x7f4fdde92cd0>
19,<__main__.SuperNode object at 0x7f4fdde3dfd0>
20,<__main__.SuperNode object at 0x7f4fddddc700>
21,<__main__.SuperNode object at 0x7f4fddd5b610>
22,<__main__.SuperNode object at 0x7f4fddd8aa30>
23,<__main__.SuperNode object at 0x7f4fddd3e700>
24,<__main__.SuperNode object at 0x7f4fddbac8e0>
25,<__main__.SuperNode object at 0x7f4fddb1d490>
26,<__main__.SuperNode object at 0x7f4fdda939d0>
27,<__main__.SuperNode object at 0x7f4fddabd460>
28,<__main__.SuperNode object at 0x7f4fdda88f40>
29,<__main__.SuperNode object at 0x7f4fdda22550>
30,<__main__.SuperNode object at 0x7f4fdda2b790>
31,<__main__.SuperNode object at 0x7f4fdd9634c0>
32,<__main__.SuperNode object at 0x7f4fdd91abe0>
33,<__main__.SuperNode object at 0x7f4fdd8d8af0>
34,<__main__.SuperNode object at 0x7f4fdd8ffcd0>
35,<__main__.SuperNode object at 0x7f4fdd89e400>
36,<__main__.SuperNode object at 0x7f4fdd886e50>
37,<__main__.SuperNode object at 0x7f4fdd83ab20>
38,<__main__.SuperNode object at 0x7f4fdd7e6e20>
39,<__main__.SuperNode object at 0x7f4fdd809670>
40,<__main__.SuperNode object at 0x7f4fdd7a7610>
41,<__main__.SuperNode object at 0x7f4fdd75bb50>
42,<__main__.SuperNode object at 0x7f4fdd6d60d0>
43,<__main__.SuperNode object at 0x7f4fdd697100>
44,<__main__.SuperNode object at 0x7f4fdd6b5910>
45,<__main__.SuperNode object at 0x7f4fdd6cf790>
46,<__main__.SuperNode object at 0x7f4fdd680340>
47,<__main__.SuperNode object at 0x7f4fdd641370>
48,<__main__.SuperNode object at 0x7f4fdd55a940>
49,<__main__.SuperNode object at 0x7f4fdd523bb0>
50,<__main__.SuperNode object at 0x7f4fdd40d400>
51,<__main__.SuperNode object at 0x7f4fdd3259d0>
52,<__main__.SuperNode object at 0x7f4fdd2da6a0>
53,<__main__.SuperNode object at 0x7f4fdd312d00>
54,<__main__.SuperNode object at 0x7f4fdd2554c0>
55,<__main__.SuperNode object at 0x7f4fdd1bbdf0>
56,<__main__.SuperNode object at 0x7f4fdd177490>
57,<__main__.SuperNode object at 0x7f4fdd18d1f0>
58,<__main__.SuperNode object at 0x7f4fdd13ee80>
59,<__main__.SuperNode object at 0x7f4fdd107880>
60,<__main__.SuperNode object at 0x7f4fdd09de50>
61,<__main__.SuperNode object at 0x7f4fdd0d2b20>
62,<__main__.SuperNode object at 0x7f4fdd08b0a0>
63,<__main__.SuperNode object at 0x7f4fdd044700>
64,<__main__.SuperNode object at 0x7f4fdd018400>
65,<__main__.SuperNode object at 0x7f4fdd000eb0>
66,<__main__.SuperNode object at 0x7f4fdcfb01f0>
67,<__main__.SuperNode object at 0x7f4fdcf573d0>
68,<__main__.SuperNode object at 0x7f4fdcf76be0>
69,<__main__.SuperNode object at 0x7f4fdcf1d550>
70,<__main__.SuperNode object at 0x7f4fdcf09850>
71,<__main__.SuperNode object at 0x7f4fdcec5460>
72,<__main__.SuperNode object at 0x7f4fdce7d2e0>
73,<__main__.SuperNode object at 0x7f4fdce254c0>
74,<__main__.SuperNode object at 0x7f4fdce3aa90>
75,<__main__.SuperNode object at 0x7f4fdcddaa30>
76,<__main__.SuperNode object at 0x7f4fdcdf79d0>
77,<__main__.SuperNode object at 0x7f4fdce0efa0>
78,<__main__.SuperNode object at 0x7f4fdcdea7f0>
79,<__main__.SuperNode object at 0x7f4fdcc927c0>
80,<__main__.SuperNode object at 0x7f4fdcbdba30>
81,<__main__.SuperNode object at 0x7f4fdcbfa9d0>
82,<__main__.SuperNode object at 0x7f4fdcae3220>
83,<__main__.SuperNode object at 0x7f4fdcb0e520>
84,<__main__.SuperNode object at 0x7f4fdcac7310>
85,<__main__.SuperNode object at 0x7f4fdc9d2cd0>
86,<__main__.SuperNode object at 0x7f4fdc979640>
87,<__main__.SuperNode object at 0x7f4fdc9175e0>
88,<__main__.SuperNode object at 0x7f4fdc931cd0>
89,<__main__.SuperNode object at 0x7f4fdc8d5520>
90,<__main__.SuperNode object at 0x7f4fdc8f34c0>
91,<__main__.SuperNode object at 0x7f4fdc909220>
92,<__main__.SuperNode object at 0x7f4fdc8a7a30>
93,<__main__.SuperNode object at 0x7f4fdc8d2d30>
94,<__main__.SuperNode object at 0x7f4fdc886a00>
95,<__main__.SuperNode object at 0x7f4fdc82ebe0>
96,<__main__.SuperNode object at 0x7f4fdc7d1310>
97,<__main__.SuperNode object at 0x7f4fdc711a90>
98,<__main__.SuperNode object at 0x7f4fdc4f6070>
99,<__main__.SuperNode object at 0x7f4fdc4706d0>
100,<__main__.SuperNode object at 0x7f4fdc41b160>
101,<__main__.SuperNode object at 0x7f4fdc43e220>
102,<__main__.SuperNode object at 0x7f4fdc3d8910>
103,<__main__.SuperNode object at 0x7f4fdc31d940>
104,<__main__.SuperNode object at 0x7f4fdc3493d0>
105,<__main__.SuperNode object at 0x7f4fdc2fd910>
106,<__main__.SuperNode object at 0x7f4fdc298790>
107,<__main__.SuperNode object at 0x7f4fdc1aec40>
108,<__main__.SuperNode object at 0x7f4fdc2a0160>
109,<__main__.SuperNode object at 0x7f4fdc1630d0>
110,<__main__.SuperNode object at 0x7f4fdc1796a0>
111,<__main__.SuperNode object at 0x7f4fdc079e20>
112,<__main__.SuperNode object at 0x7f4fdc0268b0>
113,<__main__.SuperNode object at 0x7f4fdc0513a0>
114,<__main__.SuperNode object at 0x7f4fdbf2f310>
115,<__main__.SuperNode object at 0x7f4fdbefd6a0>
116,<__main__.SuperNode object at 0x7f4fdbe76d00>
117,<__main__.SuperNode object at 0x7f4fdbe2a9d0>
118,<__main__.SuperNode object at 0x7f4fdbe4ea90>
119,<__main__.SuperNode object at 0x7f4fdbae5490>
120,<__main__.SuperNode object at 0x7f4fdba568b0>
121,<__main__.SuperNode object at 0x7f4fdb9e22b0>
122,<__main__.SuperNode object at 0x7f4fdb971640>
123,<__main__.SuperNode object at 0x7f4fdb8d6f70>
124,<__main__.SuperNode object at 0x7f4fdb901a00>
125,<__main__.SuperNode object at 0x7f4fdb89f130>
126,<__main__.SuperNode object at 0x7f4fdb8b1e50>
127,<__main__.SuperNode object at 0x7f4fdb8c7bb0>
128,<__main__.SuperNode object at 0x7f4fdb873640>
129,<__main__.SuperNode object at 0x7f4fdb8d0580>
130,<__main__.SuperNode object at 0x7f4fdb7d8fa0>
131,<__main__.SuperNode object at 0x7f4fdb7c8b50>
132,<__main__.SuperNode object at 0x7f4fdb3dcb50>
133,<__main__.SuperNode object at 0x7f4fdb3f28e0>
134,<__main__.SuperNode object at 0x7f4fdb407eb0>
135,<__main__.SuperNode object at 0x7f4fdb3c9ee0>
136,<__main__.SuperNode object at 0x7f4fdb363d60>
137,<__main__.SuperNode object at 0x7f4fdb387e20>
138,<__main__.SuperNode object at 0x7f4fdb322430>
139,<__main__.SuperNode object at 0x7f4fdb2de340>
140,<__main__.SuperNode object at 0x7f4fdb226490>
141,<__main__.SuperNode object at 0x7f4fdb1aa4c0>
142,<__main__.SuperNode object at 0x7f4fdb14fdf0>
143,<__main__.SuperNode object at 0x7f4fdb0fb880>
144,<__main__.SuperNode object at 0x7f4fdb096f70>
145,<__main__.SuperNode object at 0x7f4fdb0abcd0>
146,<__main__.SuperNode object at 0x7f4fdb0cdd90>
147,<__main__.SuperNode object at 0x7f4fdb071e50>
148,<__main__.SuperNode object at 0x7f4fdadd63a0>
149,<__main__.SuperNode object at 0x7f4fdada9910>
150,<__main__.SuperNode object at 0x7f4fdad1f5e0>
151,<__main__.SuperNode object at 0x7f4fdacd73d0>
152,<__main__.SuperNode object at 0x7f4fda8bd880>
153,<__main__.SuperNode object at 0x7f4fda7585e0>
154,<__main__.SuperNode object at 0x7f4fda719610>
155,<__main__.SuperNode object at 0x7f4fda73c6d0>
156,<__main__.SuperNode object at 0x7f4fda6e4040>
157,<__main__.SuperNode object at 0x7f4fda6783a0>
158,<__main__.SuperNode object at 0x7f4fda6362b0>
159,<__main__.SuperNode object at 0x7f4fda647fd0>
160,<__main__.SuperNode object at 0x7f4fda5f3a60>
161,<__main__.SuperNode object at 0x7f4fdb472310>
162,<__main__.SuperNode object at 0x7f4fda458b50>
163,<__main__.SuperNode object at 0x7f4fda355970>
164,<__main__.SuperNode object at 0x7f4fda2e0be0>
165,<__main__.SuperNode object at 0x7f4fda2989d0>
166,<__main__.SuperNode object at 0x7f4fda285cd0>
167,<__main__.SuperNode object at 0x7f4fda1c1ac0>
168,<__main__.SuperNode object at 0x7f4fda18b4c0>
169,<__main__.SuperNode object at 0x7f4fda0dd970>
170,<__main__.SuperNode object at 0x7f4fda0a8370>
171,<__main__.SuperNode object at 0x7f4fda07f0d0>
172,<__main__.SuperNode object at 0x7f4fda02b3d0>
173,<__main__.SuperNode object at 0x7f4fda052e20>
174,<__main__.SuperNode object at 0x7f4fd9ec8160>
175,<__main__.SuperNode object at 0x7f4fd9d00df0>
176,<__main__.SuperNode object at 0x7f4fd9be0400>
177,<__main__.SuperNode object at 0x7f4fd9b29dc0>
178,<__main__.SuperNode object at 0x7f4fd9b0e610>
179,<__main__.SuperNode object at 0x7f4fd9ac3b50>
180,<__main__.SuperNode object at 0x7f4fd9a578b0>
181,<__main__.SuperNode object at 0x7f4fd9a84340>
182,<__main__.SuperNode object at 0x7f4fd99ec520>
183,<__main__.SuperNode object at 0x7f4fd9a0fe50>
184,<__main__.SuperNode object at 0x7f4fd99b2f10>
185,<__main__.SuperNode object at 0x7f4fd99ccd90>
186,<__main__.SuperNode object at 0x7f4fd996a4c0>
187,<__main__.SuperNode object at 0x7f4fd9980a90>
188,<__main__.SuperNode object at 0x7f4fd99177f0>
189,<__main__.SuperNode object at 0x7f4fd98e0a60>
190,<__main__.SuperNode object at 0x7f4fd9894730>
191,<__main__.SuperNode object at 0x7f4fd985f130>
192,<__main__.SuperNode object at 0x7f4fd98821f0>
193,<__main__.SuperNode object at 0x7f4fd9833e80>
194,<__main__.SuperNode object at 0x7f4fd97f7df0>
195,<__main__.SuperNode object at 0x7f4fd9796e20>
196,<__main__.SuperNode object at 0x7f4fd96543a0>
197,<__main__.SuperNode object at 0x7f4fd96898e0>
198,<__main__.SuperNode object at 0x7f4fd958f0a0>
199,<__main__.SuperNode object at 0x7f4fd9543e50>
200,<__main__.SuperNode object at 0x7f4fd94b5a00>
201,<__main__.SuperNode object at 0x7f4fd9488eb0>
202,<__main__.SuperNode object at 0x7f4fd93aa5e0>
203,<__main__.SuperNode object at 0x7f4fd92fea90>
204,<__main__.SuperNode object at 0x7f4fd91f7fd0>
205,<__main__.SuperNode object at 0x7f4fd91641f0>
206,<__main__.SuperNode object at 0x7f4fd91376a0>
207,<__main__.SuperNode object at 0x7f4fd90e6250>
208,<__main__.SuperNode object at 0x7f4fd90830d0>
209,<__main__.SuperNode object at 0x7f4fd901d7c0>
210,<__main__.SuperNode object at 0x7f4fda5d4ca0>
211,<__main__.SuperNode object at 0x7f4fd9002a00>
212,<__main__.SuperNode object at 0x7f4fd8f66250>
213,<__main__.SuperNode object at 0x7f4fd8f1f040>
214,<__main__.SuperNode object at 0x7f4fd8f46a90>
215,<__main__.SuperNode object at 0x7f4fd8ee5a30>
216,<__main__.SuperNode object at 0x7f4fd8f08af0>
217,<__main__.SuperNode object at 0x7f4fd8ea2970>
218,<__main__.SuperNode object at 0x7f4fd8e3af40>
219,<__main__.SuperNode object at 0x7f4fd8d95550>
220,<__main__.SuperNode object at 0x7f4fd8d8b220>
221,<__main__.SuperNode object at 0x7f4fd8ceda30>
222,<__main__.SuperNode object at 0x7f4fd8caa0d0>
223,<__main__.SuperNode object at 0x7f4fd8c67850>
224,<__main__.SuperNode object at 0x7f4fd8c17400>
225,<__main__.SuperNode object at 0x7f4fd8c363a0>
226,<__main__.SuperNode object at 0x7f4fd8b90100>
227,<__main__.SuperNode object at 0x7f4fd8ade490>
228,<__main__.SuperNode object at 0x7f4fd8afcca0>
229,<__main__.SuperNode object at 0x7f4fd8abecd0>
230,<__main__.SuperNode object at 0x7f4fd8a7fd00>
231,<__main__.SuperNode object at 0x7f4fd89dab80>
232,<__main__.SuperNode object at 0x7f4fd899b340>
233,<__main__.SuperNode object at 0x7f4fd8961d00>
234,<__main__.SuperNode object at 0x7f4fd88e44c0>
235,<__main__.SuperNode object at 0x7f4fd890bf10>
236,<__main__.SuperNode object at 0x7f4fd88a9640>
237,<__main__.SuperNode object at 0x7f4fd886b670>
238,<__main__.SuperNode object at 0x7f4fd8886d60>
239,<__main__.SuperNode object at 0x7f4fd8823d00>
240,<__main__.SuperNode object at 0x7f4fd883db80>
241,<__main__.SuperNode object at 0x7f4fd87e54f0>
242,<__main__.SuperNode object at 0x7f4fd87ff370>
243,<__main__.SuperNode object at 0x7f4fd87b5040>
244,<__main__.SuperNode object at 0x7f4fd870a4f0>
245,<__main__.SuperNode object at 0x7f4fd8654760>
246,<__main__.SuperNode object at 0x7f4fd860aca0>
247,<__main__.SuperNode object at 0x7f4fd85aac40>
248,<__main__.SuperNode object at 0x7f4fd85556d0>
249,<__main__.SuperNode object at 0x7f4fd8578790>
250,<__main__.SuperNode object at 0x7f4fd8526340>
251,<__main__.SuperNode object at 0x7f4fd854fd90>
252,<__main__.SuperNode object at 0x7f4fd8507b80>
253,<__main__.SuperNode object at 0x7f4fd84af4f0>
254,<__main__.SuperNode object at 0x7f4fd84cc490>
255,<__main__.SuperNode object at 0x7f4fd83d45e0>
256,<__main__.SuperNode object at 0x7f4fd8411d60>
257,<__main__.SuperNode object at 0x7f4fd83b0490>
258,<__main__.SuperNode object at 0x7f4fd835b790>
259,<__main__.SuperNode object at 0x7f4fd8379730>
260,<__main__.SuperNode object at 0x7f4fd838fd00>
261,<__main__.SuperNode object at 0x7f4fd83449d0>
262,<__main__.SuperNode object at 0x7f4fd82f4580>
263,<__main__.SuperNode object at 0x7f4fd830f400>
264,<__main__.SuperNode object at 0x7f4fd82734c0>
265,<__main__.SuperNode object at 0x7f4fd82303d0>
266,<__main__.SuperNode object at 0x7f4fd81dcf40>
267,<__main__.SuperNode object at 0x7f4fd81a7940>
268,<__main__.SuperNode object at 0x7f4fd8157d60>
269,<__main__.SuperNode object at 0x7f4fd818b1c0>
270,<__main__.SuperNode object at 0x7f4fd80ca940>
271,<__main__.SuperNode object at 0x7f4fd7f318e0>
272,<__main__.SuperNode object at 0x7f4fd7ed8ac0>
273,<__main__.SuperNode object at 0x7f4fd7ea75e0>
274,<__main__.SuperNode object at 0x7f4fd7e5f3d0>
275,<__main__.SuperNode object at 0x7f4fd7e86e20>
276,<__main__.SuperNode object at 0x7f4fd7e29670>
277,<__main__.SuperNode object at 0x7f4fd7df4070>
278,<__main__.SuperNode object at 0x7f4fd7dac6d0>
279,<__main__.SuperNode object at 0x7f4fd7d5c280>
280,<__main__.SuperNode object at 0x7f4fd7d19190>
281,<__main__.SuperNode object at 0x7f4fd7d45d00>
282,<__main__.SuperNode object at 0x7f4fd7cfa9d0>
283,<__main__.SuperNode object at 0x7f4fd7bdfa90>
284,<__main__.SuperNode object at 0x7f4fd7bc7490>
285,<__main__.SuperNode object at 0x7f4fd7b66ca0>
286,<__main__.SuperNode object at 0x7f4fd7b843d0>
287,<__main__.SuperNode object at 0x7f4fd7b1a9a0>
288,<__main__.SuperNode object at 0x7f4fd7b114f0>
289,<__main__.SuperNode object at 0x7f4fd7ac5a30>
290,<__main__.SuperNode object at 0x7f4fd7a0f280>
291,<__main__.SuperNode object at 0x7f4fd78f1ac0>
292,<__main__.SuperNode object at 0x7f4fd78c9820>
293,<__main__.SuperNode object at 0x7f4fd7870190>
294,<__main__.SuperNode object at 0x7f4fd7874b20>
295,<__main__.SuperNode object at 0x7f4fd788e9d0>
296,<__main__.SuperNode object at 0x7f4fd7831a90>
297,<__main__.SuperNode object at 0x7f4fd7720d90>
298,<__main__.SuperNode object at 0x7f4fd7751940>
299,<__main__.SuperNode object at 0x7f4fd76ef8e0>
300,<__main__.SuperNode object at 0x7f4fd76b51c0>
301,<__main__.SuperNode object at 0x7f4fd767f430>
302,<__main__.SuperNode object at 0x7f4fd7621d60>
303,<__main__.SuperNode object at 0x7f4fd75fe370>
304,<__main__.SuperNode object at 0x7f4fd759f430>
305,<__main__.SuperNode object at 0x7f4fd755e340>
306,<__main__.SuperNode object at 0x7f4fd7585d90>
307,<__main__.SuperNode object at 0x7f4fd74958b0>
308,<__main__.SuperNode object at 0x7f4fd74c9580>
309,<__main__.SuperNode object at 0x7f4fd74aff70>
310,<__main__.SuperNode object at 0x7f4fd74bc3a0>
311,<__main__.SuperNode object at 0x7f4fd741ca90>
312,<__main__.SuperNode object at 0x7f4fd7369490>
313,<__main__.SuperNode object at 0x7f4fd7334700>
314,<__main__.SuperNode object at 0x7f4fd71a5a00>
315,<__main__.SuperNode object at 0x7f4fd716c2e0>
316,<__main__.SuperNode object at 0x7f4fd7117e50>
317,<__main__.SuperNode object at 0x7f4fd7148190>
318,<__main__.SuperNode object at 0x7f4fd7071be0>
319,<__main__.SuperNode object at 0x7f4fd701dee0>
320,<__main__.SuperNode object at 0x7f4fd703c610>
321,<__main__.SuperNode object at 0x7f4fd6feba30>
322,<__main__.SuperNode object at 0x7f4fd6f6e1f0>
323,<__main__.SuperNode object at 0x7f4fd6ed7c40>
324,<__main__.SuperNode object at 0x7f4fd6d42490>
325,<__main__.SuperNode object at 0x7f4fd6cb89d0>
326,<__main__.SuperNode object at 0x7f4fd6ccdfa0>
327,<__main__.SuperNode object at 0x7f4fd6c79a30>
328,<__main__.SuperNode object at 0x7f4fd6bb9a30>
329,<__main__.SuperNode object at 0x7f4fd6ad6070>
330,<__main__.SuperNode object at 0x7f4fd6ab58e0>
331,<__main__.SuperNode object at 0x7f4fd6a84400>
332,<__main__.SuperNode object at 0x7f4fd6a233a0>
333,<__main__.SuperNode object at 0x7f4fd69dfb20>
334,<__main__.SuperNode object at 0x7f4fd6a03be0>
335,<__main__.SuperNode object at 0x7f4fd68a3a60>
336,<__main__.SuperNode object at 0x7f4fd6864a90>
337,<__main__.SuperNode object at 0x7f4fd6851520>
338,<__main__.SuperNode object at 0x7f4fd687a100>
339,<__main__.SuperNode object at 0x7f4fd671e7c0>
340,<__main__.SuperNode object at 0x7f4fd6702880>
341,<__main__.SuperNode object at 0x7f4fd66ba670>
342,<__main__.SuperNode object at 0x7f4fd666e340>
343,<__main__.SuperNode object at 0x7f4fd6692400>
344,<__main__.SuperNode object at 0x7f4fd6635d30>
345,<__main__.SuperNode object at 0x7f4fd6599580>
346,<__main__.SuperNode object at 0x7f4fd6553370>
347,<__main__.SuperNode object at 0x7f4fd657e670>
348,<__main__.SuperNode object at 0x7f4fd63f5a90>
349,<__main__.SuperNode object at 0x7f4fd63bed00>
350,<__main__.SuperNode object at 0x7f4fd63804c0>
351,<__main__.SuperNode object at 0x7f4fd631ecd0>
352,<__main__.SuperNode object at 0x7f4fd6334a30>
353,<__main__.SuperNode object at 0x7f4fd62d39d0>
354,<__main__.SuperNode object at 0x7f4fd62cd7c0>
355,<__main__.SuperNode object at 0x7f4fd6284e20>
356,<__main__.SuperNode object at 0x7f4fd62359d0>
357,<__main__.SuperNode object at 0x7f4fd61aaf10>
358,<__main__.SuperNode object at 0x7f4fd5d58400>
359,<__main__.SuperNode object at 0x7f4fd5cd5b50>
360,<__main__.SuperNode object at 0x7f4fd5cec8e0>
361,<__main__.SuperNode object at 0x7f4fd5cbac70>
362,<__main__.SuperNode object at 0x7f4fd5c77b80>
363,<__main__.SuperNode object at 0x7f4fd5bdbc40>
364,<__main__.SuperNode object at 0x7f4fd5ae9eb0>
365,<__main__.SuperNode object at 0x7f4fd5a758b0>
366,<__main__.SuperNode object at 0x7f4fd5a8ffa0>
367,<__main__.SuperNode object at 0x7f4fd5a2d6d0>
368,<__main__.SuperNode object at 0x7f4fd5a09dc0>
369,<__main__.SuperNode object at 0x7f4fd55da490>
370,<__main__.SuperNode object at 0x7f4fd53d7a90>
371,<__main__.SuperNode object at 0x7f4fd5402d90>
372,<__main__.SuperNode object at 0x7f4fd539cc10>
373,<__main__.SuperNode object at 0x7f4fd53c9f10>
374,<__main__.SuperNode object at 0x7f4fd522d640>
375,<__main__.SuperNode object at 0x7f4fd515b0d0>
376,<__main__.SuperNode object at 0x7f4fd5121220>
377,<__main__.SuperNode object at 0x7f4fd50acd00>
378,<__main__.SuperNode object at 0x7f4fd4fbaf70>
379,<__main__.SuperNode object at 0x7f4fd4f8c340>
380,<__main__.SuperNode object at 0x7f4fd4f40880>
381,<__main__.SuperNode object at 0x7f4fd4ed6e50>
382,<__main__.SuperNode object at 0x7f4fd4d9d610>
383,<__main__.SuperNode object at 0x7f4fd4dc0f40>
384,<__main__.SuperNode object at 0x7f4fd4d5b550>
385,<__main__.SuperNode object at 0x7f4fd4b296a0>
386,<__main__.SuperNode object at 0x7f4fd4b04520>
387,<__main__.SuperNode object at 0x7f4fd4a9f3a0>
388,<__main__.SuperNode object at 0x7f4fd4a53070>
389,<__main__.SuperNode object at 0x7f4fd4a7b250>
390,<__main__.SuperNode object at 0x7f4fd49dba60>
391,<__main__.SuperNode object at 0x7f4fd4977070>
392,<__main__.SuperNode object at 0x7f4fd4720880>
393,<__main__.SuperNode object at 0x7f4fd469a670>
394,<__main__.SuperNode object at 0x7f4fd46b9610>
395,<__main__.SuperNode object at 0x7f4fd46640a0>
396,<__main__.SuperNode object at 0x7f4fd467aee0>
397,<__main__.SuperNode object at 0x7f4fd459c610>
398,<__main__.SuperNode object at 0x7f4fd45b9df0>
399,<__main__.SuperNode object at 0x7f4fd45bf880>
400,<__main__.SuperNode object at 0x7f4fd456aa00>
401,<__main__.SuperNode object at 0x7f4fd45879a0>
402,<__main__.SuperNode object at 0x7f4fd451e700>
403,<__main__.SuperNode object at 0x7f4fd4527940>
404,<__main__.SuperNode object at 0x7f4fd44dffd0>
405,<__main__.SuperNode object at 0x7f4fd4516640>
406,<__main__.SuperNode object at 0x7f4fd44b3ca0>
407,<__main__.SuperNode object at 0x7f4fd438d070>
408,<__main__.SuperNode object at 0x7f4fd4327760>
409,<__main__.SuperNode object at 0x7f4fd43393a0>
410,<__main__.SuperNode object at 0x7f4fd42db460>
411,<__main__.SuperNode object at 0x7f4fd42fe520>
412,<__main__.SuperNode object at 0x7f4fd429d4c0>
413,<__main__.SuperNode object at 0x7f4fd426b850>
414,<__main__.SuperNode object at 0x7f4fd42a5700>
415,<__main__.SuperNode object at 0x7f4fd41e5ee0>
416,<__main__.SuperNode object at 0x7f4fd41f72b0>
417,<__main__.SuperNode object at 0x7f4fd4211130>
418,<__main__.SuperNode object at 0x7f4fd41b4a60>
419,<__main__.SuperNode object at 0x7f4fd416c850>
420,<__main__.SuperNode object at 0x7f4fd41900a0>
421,<__main__.SuperNode object at 0x7f4fd40dab80>
422,<__main__.SuperNode object at 0x7f4fd4112100>
423,<__main__.SuperNode object at 0x7f4fd40ad7f0>
424,<__main__.SuperNode object at 0x7f4fd40b5a30>
425,<__main__.SuperNode object at 0x7f4fd4078220>
426,<__main__.SuperNode object at 0x7f4fd4023d90>
427,<__main__.SuperNode object at 0x7f4fd3fd4940>
428,<__main__.SuperNode object at 0x7f4fd3fee7c0>
429,<__main__.SuperNode object at 0x7f4fd3faa6d0>
430,<__main__.SuperNode object at 0x7f4fd3ffbd00>
431,<__main__.SuperNode object at 0x7f4fd3e71580>
432,<__main__.SuperNode object at 0x7f4fd3e48b50>
433,<__main__.SuperNode object at 0x7f4fd3deb3a0>
434,<__main__.SuperNode object at 0x7f4fd3e12df0>
435,<__main__.SuperNode object at 0x7f4fd3db1d90>
436,<__main__.SuperNode object at 0x7f4fd3d34dc0>
437,<__main__.SuperNode object at 0x7f4fd3d0fc40>
438,<__main__.SuperNode object at 0x7f4fd3cb2d00>
439,<__main__.SuperNode object at 0x7f4fd3c6f3a0>
440,<__main__.SuperNode object at 0x7f4fd3c1af10>
441,<__main__.SuperNode object at 0x7f4fd3bd4490>
442,<__main__.SuperNode object at 0x7f4fd3bdbf40>
443,<__main__.SuperNode object at 0x7f4fd3bfe7c0>
444,<__main__.SuperNode object at 0x7f4fd3baf370>
445,<__main__.SuperNode object at 0x7f4fd3b689d0>
446,<__main__.SuperNode object at 0x7f4fd3b17580>
447,<__main__.SuperNode object at 0x7f4fd3add6d0>
448,<__main__.SuperNode object at 0x7f4fd3a2ea60>
449,<__main__.SuperNode object at 0x7f4fd39973d0>
450,<__main__.SuperNode object at 0x7f4fd3961640>
451,<__main__.SuperNode object at 0x7f4fd397f5e0>
452,<__main__.SuperNode object at 0x7f4fd37e3580>
453,<__main__.SuperNode object at 0x7f4fd37bcb50>
454,<__main__.SuperNode object at 0x7f4fd376c700>
455,<__main__.SuperNode object at 0x7f4fd378a6a0>
456,<__main__.SuperNode object at 0x7f4fd373e370>
457,<__main__.SuperNode object at 0x7f4fd3648d30>
458,<__main__.SuperNode object at 0x7f4fd34c72b0>
459,<__main__.SuperNode object at 0x7f4fd347b7f0>
460,<__main__.SuperNode object at 0x7f4fd3422160>
461,<__main__.SuperNode object at 0x7f4fd33d7f10>
462,<__main__.SuperNode object at 0x7f4fd3380880>
463,<__main__.SuperNode object at 0x7f4fd32f6670>
464,<__main__.SuperNode object at 0x7f4fd32a2970>
465,<__main__.SuperNode object at 0x7f4fd32ce400>
466,<__main__.SuperNode object at 0x7f4fd32186a0>
467,<__main__.SuperNode object at 0x7f4fd3247280>
468,<__main__.SuperNode object at 0x7f4fd31e1940>
469,<__main__.SuperNode object at 0x7f4fd319e880>
470,<__main__.SuperNode object at 0x7f4fd31c5a60>
471,<__main__.SuperNode object at 0x7f4fd315f070>
472,<__main__.SuperNode object at 0x7f4fd3171d90>
473,<__main__.SuperNode object at 0x7f4fd3134dc0>
474,<__main__.SuperNode object at 0x7f4fd30d3d60>
475,<__main__.SuperNode object at 0x7f4fd30af370>
476,<__main__.SuperNode object at 0x7f4fd2fe2790>
477,<__main__.SuperNode object at 0x7f4fd2fa37c0>
478,<__main__.SuperNode object at 0x7f4fd2fceac0>
479,<__main__.SuperNode object at 0x7f4fd2f71310>
480,<__main__.SuperNode object at 0x7f4fd2f90b20>
481,<__main__.SuperNode object at 0x7f4fd2e73250>
482,<__main__.SuperNode object at 0x7f4fd2e521f0>
483,<__main__.SuperNode object at 0x7f4fd2ba2250>
484,<__main__.SuperNode object at 0x7f4fd2b77070>
485,<__main__.SuperNode object at 0x7f4fd2b13760>
486,<__main__.SuperNode object at 0x7f4fd2b47ca0>
487,<__main__.SuperNode object at 0x7f4fd2aeee80>
488,<__main__.SuperNode object at 0x7f4fd29b0d90>
489,<__main__.SuperNode object at 0x7f4fd29904c0>
490,<__main__.SuperNode object at 0x7f4fd292a340>
491,<__main__.SuperNode object at 0x7f4fd28de880>
492,<__main__.SuperNode object at 0x7f4fd28f8f70>
493,<__main__.SuperNode object at 0x7f4fd2806100>
494,<__main__.SuperNode object at 0x7f4fd27ae2e0>
495,<__main__.SuperNode object at 0x7f4fd27660d0>
496,<__main__.SuperNode object at 0x7f4fd2778df0>
497,<__main__.SuperNode object at 0x7f4fd2713c70>
498,<__main__.SuperNode object at 0x7f4fd26e58b0>
499,<__main__.SuperNode object at 0x7f4fd267ad60>
500,<__main__.SuperNode object at 0x7f4fd2621f40>
501,<__main__.SuperNode object at 0x7f4fd2640670>
502,<__main__.SuperNode object at 0x7f4fd25e3730>
503,<__main__.SuperNode object at 0x7f4fd260ea30>
504,<__main__.SuperNode object at 0x7f4fd25a88b0>
505,<__main__.SuperNode object at 0x7f4fd25bfe80>
506,<__main__.SuperNode object at 0x7f4fd2503640>
507,<__main__.SuperNode object at 0x7f4fd24c4670>
508,<__main__.SuperNode object at 0x7f4fd245fd60>
509,<__main__.SuperNode object at 0x7f4fd24815b0>
510,<__main__.SuperNode object at 0x7f4fd242e8b0>
511,<__main__.SuperNode object at 0x7f4fd23d8340>
512,<__main__.SuperNode object at 0x7f4fd233c2e0>
513,<__main__.SuperNode object at 0x7f4fd2258160>
514,<__main__.SuperNode object at 0x7f4fd2277970>
515,<__main__.SuperNode object at 0x7f4fd1bfca30>
516,<__main__.SuperNode object at 0x7f4fd1b34700>
517,<__main__.SuperNode object at 0x7f4fd1adb8e0>
518,<__main__.SuperNode object at 0x7f4fd1a946d0>
519,<__main__.SuperNode object at 0x7f4fd1aae550>
520,<__main__.SuperNode object at 0x7f4fd19f2580>
521,<__main__.SuperNode object at 0x7f4fd19c1910>
522,<__main__.SuperNode object at 0x7f4fd196bc10>
523,<__main__.SuperNode object at 0x7f4fd1929b20>
524,<__main__.SuperNode object at 0x7f4fd193bfa0>
525,<__main__.SuperNode object at 0x7f4fd18d9700>
526,<__main__.SuperNode object at 0x7f4fd18228e0>
527,<__main__.SuperNode object at 0x7f4fd17d6e20>
528,<__main__.SuperNode object at 0x7f4fd17f4dc0>
529,<__main__.SuperNode object at 0x7f4fd17b1460>
530,<__main__.SuperNode object at 0x7f4fd165f640>
531,<__main__.SuperNode object at 0x7f4fd1620670>
532,<__main__.SuperNode object at 0x7f4fd1695c70>
533,<__main__.SuperNode object at 0x7f4fd15d4be0>
534,<__main__.SuperNode object at 0x7f4fd15963a0>
535,<__main__.SuperNode object at 0x7f4fd1569850>
536,<__main__.SuperNode object at 0x7f4fd1590a30>
537,<__main__.SuperNode object at 0x7f4fd13f2040>
538,<__main__.SuperNode object at 0x7f4fd140c730>
539,<__main__.SuperNode object at 0x7f4fd13aa6d0>
540,<__main__.SuperNode object at 0x7f4fd1368e50>
541,<__main__.SuperNode object at 0x7f4fd138b6a0>
542,<__main__.SuperNode object at 0x7f4fd132a640>
543,<__main__.SuperNode object at 0x7f4fd12d91f0>
544,<__main__.SuperNode object at 0x7f4fd130dfa0>
545,<__main__.SuperNode object at 0x7f4fd12caeb0>
546,<__main__.SuperNode object at 0x7f4fd1288550>
547,<__main__.SuperNode object at 0x7f4fd1223c40>
548,<__main__.SuperNode object at 0x7f4fd1246490>
549,<__main__.SuperNode object at 0x7f4fd1210f70>
550,<__main__.SuperNode object at 0x7f4fd11ab580>
551,<__main__.SuperNode object at 0x7f4fd11c9520>
552,<__main__.SuperNode object at 0x7f4fd10a2af0>
553,<__main__.SuperNode object at 0x7f4fd10b3730>
554,<__main__.SuperNode object at 0x7f4fd1070eb0>
555,<__main__.SuperNode object at 0x7f4fd0fe7b80>
556,<__main__.SuperNode object at 0x7f4fd100fd60>
557,<__main__.SuperNode object at 0x7f4fd0fa9be0>
558,<__main__.SuperNode object at 0x7f4fd0f7b820>
559,<__main__.SuperNode object at 0x7f4fd0eb6610>
560,<__main__.SuperNode object at 0x7f4fd0e81880>
561,<__main__.SuperNode object at 0x7f4fd0e30ca0>
562,<__main__.SuperNode object at 0x7f4fd0dd34f0>
563,<__main__.SuperNode object at 0x7f4fd0d9a640>
564,<__main__.SuperNode object at 0x7f4fd0dca1f0>
565,<__main__.SuperNode object at 0x7f4fd0d79e80>
566,<__main__.SuperNode object at 0x7f4fd0c37c70>
567,<__main__.SuperNode object at 0x7f4fd0a3ba60>
568,<__main__.SuperNode object at 0x7f4fd0a4d6a0>
569,<__main__.SuperNode object at 0x7f4fd09f9130>
570,<__main__.SuperNode object at 0x7f4fd08a11f0>
571,<__main__.SuperNode object at 0x7f4fd085c100>
572,<__main__.SuperNode object at 0x7f4fd07e4250>
573,<__main__.SuperNode object at 0x7f4fd07a9c10>
574,<__main__.SuperNode object at 0x7f4fd075d070>
575,<__main__.SuperNode object at 0x7f4fd0777760>
576,<__main__.SuperNode object at 0x7f4fd071c820>
577,<__main__.SuperNode object at 0x7f4fd0781130>
578,<__main__.SuperNode object at 0x7f4fd0750d90>
579,<__main__.SuperNode object at 0x7f4fd069a790>
580,<__main__.SuperNode object at 0x7f4fd05fdfa0>
581,<__main__.SuperNode object at 0x7f4fd053d640>
582,<__main__.SuperNode object at 0x7f4fd0498d00>
583,<__main__.SuperNode object at 0x7f4fd0439430>
584,<__main__.SuperNode object at 0x7f4fd0403f10>
585,<__main__.SuperNode object at 0x7f4fd039e520>
586,<__main__.SuperNode object at 0x7f4fd0356b80>
587,<__main__.SuperNode object at 0x7f4fd0386730>
588,<__main__.SuperNode object at 0x7f4fd034b880>
589,<__main__.SuperNode object at 0x7f4fd017f2b0>
590,<__main__.SuperNode object at 0x7f4fcfea6100>
591,<__main__.SuperNode object at 0x7f4fcfe21fd0>
592,<__main__.SuperNode object at 0x7f4fcfe51310>
593,<__main__.SuperNode object at 0x7f4fcfdf94f0>
594,<__main__.SuperNode object at 0x7f4fcfdad1c0>
595,<__main__.SuperNode object at 0x7f4fcfc5dd30>
596,<__main__.SuperNode object at 0x7f4fd024cee0>
597,<__main__.SuperNode object at 0x7f4fcfbdcd90>
598,<__main__.SuperNode object at 0x7f4fcfbac8b0>
599,<__main__.SuperNode object at 0x7f4fcfbca820>
600,<__main__.SuperNode object at 0x7f4fcfb646d0>
601,<__main__.SuperNode object at 0x7f4fcfb2b820>
602,<__main__.SuperNode object at 0x7f4fcfad0910>
603,<__main__.SuperNode object at 0x7f4fcfa61df0>
604,<__main__.SuperNode object at 0x7f4fcfa7bc70>
605,<__main__.SuperNode object at 0x7f4fcf890670>
606,<__main__.SuperNode object at 0x7f4fcf769c40>
607,<__main__.SuperNode object at 0x7f4fcf7231c0>
608,<__main__.SuperNode object at 0x7f4fcf74ed30>
609,<__main__.SuperNode object at 0x7f4fcf70fd60>
610,<__main__.SuperNode object at 0x7f4fcf6d1430>
611,<__main__.SuperNode object at 0x7f4fcf5cdb50>
612,<__main__.SuperNode object at 0x7f4fcf539e50>
613,<__main__.SuperNode object at 0x7f4fcf4f33d0>
614,<__main__.SuperNode object at 0x7f4fcf4c1760>
615,<__main__.SuperNode object at 0x7f4fcf508970>
616,<__main__.SuperNode object at 0x7f4fcf46c220>
617,<__main__.SuperNode object at 0x7f4fcf421760>
618,<__main__.SuperNode object at 0x7f4fcf3a78b0>
619,<__main__.SuperNode object at 0x7f4fcf3ce220>
620,<__main__.SuperNode object at 0x7f4fcf376c70>
621,<__main__.SuperNode object at 0x7f4fcf34d160>
622,<__main__.SuperNode object at 0x7f4fcf2f1220>
623,<__main__.SuperNode object at 0x7f4fcf2e4700>
624,<__main__.SuperNode object at 0x7f4fcf298ca0>
625,<__main__.SuperNode object at 0x7f4fcf2bfe80>
626,<__main__.SuperNode object at 0x7f4fcf262f40>
627,<__main__.SuperNode object at 0x7f4fcf280ee0>
628,<__main__.SuperNode object at 0x7f4fcf2898b0>
629,<__main__.SuperNode object at 0x7f4fcf230250>
630,<__main__.SuperNode object at 0x7f4fcf1815e0>
631,<__main__.SuperNode object at 0x7f4fcf241f40>
632,<__main__.SuperNode object at 0x7f4fcf143640>
633,<__main__.SuperNode object at 0x7f4fcf123ee0>
634,<__main__.SuperNode object at 0x7f4fcf0e5fa0>
635,<__main__.SuperNode object at 0x7f4fcf0d4ac0>
636,<__main__.SuperNode object at 0x7f4fcf0815e0>
637,<__main__.SuperNode object at 0x7f4fcf0004f0>
638,<__main__.SuperNode object at 0x7f4fcefa35b0>
639,<__main__.SuperNode object at 0x7f4fcefbd430>
640,<__main__.SuperNode object at 0x7f4fcee96190>
641,<__main__.SuperNode object at 0x7f4fcee6a640>
642,<__main__.SuperNode object at 0x7f4fcee1e310>
643,<__main__.SuperNode object at 0x7f4fcee45d60>
644,<__main__.SuperNode object at 0x7f4fceddfbe0>
645,<__main__.SuperNode object at 0x7f4fceda9e50>
646,<__main__.SuperNode object at 0x7f4fced59190>
647,<__main__.SuperNode object at 0x7f4fced8a5b0>
648,<__main__.SuperNode object at 0x7f4fced47d30>
649,<__main__.SuperNode object at 0x7f4fcec716a0>
650,<__main__.SuperNode object at 0x7f4fceb2d490>
651,<__main__.SuperNode object at 0x7f4fcea430d0>
652,<__main__.SuperNode object at 0x7f4fce9ea2b0>
653,<__main__.SuperNode object at 0x7f4fcea059a0>
654,<__main__.SuperNode object at 0x7f4fce938550>
655,<__main__.SuperNode object at 0x7f4fce8f0340>
656,<__main__.SuperNode object at 0x7f4fce897520>
657,<__main__.SuperNode object at 0x7f4fce8bae50>
658,<__main__.SuperNode object at 0x7f4fce63ab20>
659,<__main__.SuperNode object at 0x7f4fce5f20a0>
660,<__main__.SuperNode object at 0x7f4fce612040>
661,<__main__.SuperNode object at 0x7f4fce5538e0>
662,<__main__.SuperNode object at 0x7f4fce5095b0>
663,<__main__.SuperNode object at 0x7f4fce3ec550>
664,<__main__.SuperNode object at 0x7f4fce358850>
665,<__main__.SuperNode object at 0x7f4fce3736d0>
666,<__main__.SuperNode object at 0x7f4fce315790>
667,<__main__.SuperNode object at 0x7f4fce341220>
668,<__main__.SuperNode object at 0x7f4fce2dd130>
669,<__main__.SuperNode object at 0x7f4fce304310>
670,<__main__.SuperNode object at 0x7f4fce2b0e80>
671,<__main__.SuperNode object at 0x7f4fce25d0a0>
672,<__main__.SuperNode object at 0x7f4fce219820>
673,<__main__.SuperNode object at 0x7f4fce246b20>
674,<__main__.SuperNode object at 0x7f4fce1e4ac0>
675,<__main__.SuperNode object at 0x7f4fce1fe0d0>
676,<__main__.SuperNode object at 0x7f4fce1ac3d0>
677,<__main__.SuperNode object at 0x7f4fce1535b0>
678,<__main__.SuperNode object at 0x7f4fce184160>
679,<__main__.SuperNode object at 0x7f4fce126220>
680,<__main__.SuperNode object at 0x7f4fce0659a0>
681,<__main__.SuperNode object at 0x7f4fce016520>
682,<__main__.SuperNode object at 0x7f4fcdff2c40>
683,<__main__.SuperNode object at 0x7f4fcdf247f0>
684,<__main__.SuperNode object at 0x7f4fcdefc550>
685,<__main__.SuperNode object at 0x7f4fcde80580>
686,<__main__.SuperNode object at 0x7f4fcde92a30>
687,<__main__.SuperNode object at 0x7f4fcde77340>
688,<__main__.SuperNode object at 0x7f4fcddfa3d0>
689,<__main__.SuperNode object at 0x7f4fcddb31c0>
690,<__main__.SuperNode object at 0x7f4fcdd56af0>
691,<__main__.SuperNode object at 0x7f4fcddc90a0>
692,<__main__.SuperNode object at 0x7f4fcddc90d0>
693,<__main__.SuperNode object at 0x7f4fcdbe9490>
694,<__main__.SuperNode object at 0x7f4fcdb94790>
695,<__main__.SuperNode object at 0x7f4fcdbaad60>
696,<__main__.SuperNode object at 0x7f4fcdbc8490>
697,<__main__.SuperNode object at 0x7f4fcdb5e1f0>
698,<__main__.SuperNode object at 0x7f4fcdb78070>
699,<__main__.SuperNode object at 0x7f4fcdb42b50>
700,<__main__.SuperNode object at 0x7f4fcdb03b80>
701,<__main__.SuperNode object at 0x7f4fcda92f40>
702,<__main__.SuperNode object at 0x7f4fcd9ab430>
703,<__main__.SuperNode object at 0x7f4fcd932df0>
704,<__main__.SuperNode object at 0x7f4fcd8dbfd0>
705,<__main__.SuperNode object at 0x7f4fcd8fe820>
706,<__main__.SuperNode object at 0x7f4fcd8a5190>
707,<__main__.SuperNode object at 0x7f4fcd8c8250>
708,<__main__.SuperNode object at 0x7f4fcd8134c0>
709,<__main__.SuperNode object at 0x7f4fcd7d44f0>
710,<__main__.SuperNode object at 0x7f4fcd71ceb0>
711,<__main__.SuperNode object at 0x7f4fcd6ddee0>
712,<__main__.SuperNode object at 0x7f4fcd736490>
713,<__main__.SuperNode object at 0x7f4fcd708130>
714,<__main__.SuperNode object at 0x7f4fcd653c10>
715,<__main__.SuperNode object at 0x7f4fcd5bedf0>
716,<__main__.SuperNode object at 0x7f4fcd565fd0>
717,<__main__.SuperNode object at 0x7f4fcd51ddc0>
718,<__main__.SuperNode object at 0x7f4fcd53dd60>
719,<__main__.SuperNode object at 0x7f4fcd4db490>
720,<__main__.SuperNode object at 0x7f4fcd505790>
721,<__main__.SuperNode object at 0x7f4fcd4b2a90>
722,<__main__.SuperNode object at 0x7f4fcd4d01c0>
723,<__main__.SuperNode object at 0x7f4fcd466790>
724,<__main__.SuperNode object at 0x7f4fcd44f970>
725,<__main__.SuperNode object at 0x7f4fcd396ac0>
726,<__main__.SuperNode object at 0x7f4fcd348ee0>
727,<__main__.SuperNode object at 0x7f4fcd2948e0>
728,<__main__.SuperNode object at 0x7f4fcd262400>
729,<__main__.SuperNode object at 0x7f4fcd1fa9d0>
730,<__main__.SuperNode object at 0x7f4fcd182b20>
731,<__main__.SuperNode object at 0x7f4fcd13e1c0>
732,<__main__.SuperNode object at 0x7f4fcd0dd9d0>
733,<__main__.SuperNode object at 0x7f4fcd0bd100>
734,<__main__.SuperNode object at 0x7f4fcd0252e0>
735,<__main__.SuperNode object at 0x7f4fccfde0d0>
736,<__main__.SuperNode object at 0x7f4fcd00ed60>
737,<__main__.SuperNode object at 0x7f4fccfc7b50>
738,<__main__.SuperNode object at 0x7f4fccf34e50>
739,<__main__.SuperNode object at 0x7f4fccedb7c0>
740,<__main__.SuperNode object at 0x7f4fcce9d7f0>
741,<__main__.SuperNode object at 0x7f4fcce89af0>
742,<__main__.SuperNode object at 0x7f4fcce2cbb0>
743,<__main__.SuperNode object at 0x7f4fcce4fc70>
744,<__main__.SuperNode object at 0x7f4fccdf24c0>
745,<__main__.SuperNode object at 0x7f4fcce11460>
746,<__main__.SuperNode object at 0x7f4fccdcdbe0>
747,<__main__.SuperNode object at 0x7f4fccd79ee0>
748,<__main__.SuperNode object at 0x7f4fccd1cfa0>
749,<__main__.SuperNode object at 0x7f4fccd43910>
750,<__main__.SuperNode object at 0x7f4fcccde790>
751,<__main__.SuperNode object at 0x7f4fccd0e340>
752,<__main__.SuperNode object at 0x7f4fcccb5520>
753,<__main__.SuperNode object at 0x7f4fccc5cf70>
754,<__main__.SuperNode object at 0x7f4fccc88190>
755,<__main__.SuperNode object at 0x7f4fccc34490>
756,<__main__.SuperNode object at 0x7f4fccbf54c0>
757,<__main__.SuperNode object at 0x7f4fcdc71250>
758,<__main__.SuperNode object at 0x7f4fcc7c5d60>
759,<__main__.SuperNode object at 0x7f4fcc77eb50>
760,<__main__.SuperNode object at 0x7f4fcc725d30>
761,<__main__.SuperNode object at 0x7f4fcc6daa00>
762,<__main__.SuperNode object at 0x7f4fcc704490>
763,<__main__.SuperNode object at 0x7f4fcc6b58b0>
764,<__main__.SuperNode object at 0x7f4fcc669580>
765,<__main__.SuperNode object at 0x7f4fcc616880>
766,<__main__.SuperNode object at 0x7f4fcc626d00>
767,<__main__.SuperNode object at 0x7f4fcc5ede80>
768,<__main__.SuperNode object at 0x7f4fcc5a6c70>
769,<__main__.SuperNode object at 0x7f4fcc556820>
770,<__main__.SuperNode object at 0x7f4fcc5706d0>
771,<__main__.SuperNode object at 0x7f4fcc4dd160>
772,<__main__.SuperNode object at 0x7f4fcc4546a0>
773,<__main__.SuperNode object at 0x7f4fcc482af0>
774,<__main__.SuperNode object at 0x7f4fcc40ed60>
775,<__main__.SuperNode object at 0x7f4fcc3c6b50>
776,<__main__.SuperNode object at 0x7f4fcc353eb0>
777,<__main__.SuperNode object at 0x7f4fcc366b20>
778,<__main__.SuperNode object at 0x7f4fcc2a92e0>
779,<__main__.SuperNode object at 0x7f4fcc26ab80>
780,<__main__.SuperNode object at 0x7f4fcc24ec40>
781,<__main__.SuperNode object at 0x7f4fcc1faf40>
782,<__main__.SuperNode object at 0x7f4fcc194550>
783,<__main__.SuperNode object at 0x7f4fcc19c790>
784,<__main__.SuperNode object at 0x7f4fcc1c0880>
785,<__main__.SuperNode object at 0x7f4fcc13b670>
786,<__main__.SuperNode object at 0x7f4fcc0d5d60>
787,<__main__.SuperNode object at 0x7f4fcc0eaac0>
788,<__main__.SuperNode object at 0x7f4fcc0ff820>
789,<__main__.SuperNode object at 0x7f4fcc0b0c40>
790,<__main__.SuperNode object at 0x7f4fcc0691c0>
791,<__main__.SuperNode object at 0x7f4fcc07f790>
792,<__main__.SuperNode object at 0x7f4fcc02a220>
793,<__main__.SuperNode object at 0x7f4fcc04d2e0>
794,<__main__.SuperNode object at 0x7f4fcc051c70>
795,<__main__.SuperNode object at 0x7f4fcbfec2b0>
796,<__main__.SuperNode object at 0x7f4fcbfa17f0>
797,<__main__.SuperNode object at 0x7f4fcbfd1c10>
798,<__main__.SuperNode object at 0x7f4fcbee5850>
799,<__main__.SuperNode object at 0x7f4fcbe9deb0>
800,<__main__.SuperNode object at 0x7f4fcbe56430>
801,<__main__.SuperNode object at 0x7f4fcbd8f970>
802,<__main__.SuperNode object at 0x7f4fcbd44eb0>
803,<__main__.SuperNode object at 0x7f4fcbcf9310>
804,<__main__.SuperNode object at 0x7f4fcbc9b3d0>
805,<__main__.SuperNode object at 0x7f4fcbcb0130>
806,<__main__.SuperNode object at 0x7f4fcbc65670>
807,<__main__.SuperNode object at 0x7f4fcbc804f0>
808,<__main__.SuperNode object at 0x7f4fcbc1abe0>
809,<__main__.SuperNode object at 0x7f4fcbc39310>
810,<__main__.SuperNode object at 0x7f4fcbbf6a90>
811,<__main__.SuperNode object at 0x7f4fcbb992e0>
812,<__main__.SuperNode object at 0x7f4fcbbd1940>
813,<__main__.SuperNode object at 0x7f4fcbac23d0>
814,<__main__.SuperNode object at 0x7f4fcba76910>
815,<__main__.SuperNode object at 0x7f4fcba18160>
816,<__main__.SuperNode object at 0x7f4fcb958070>
817,<__main__.SuperNode object at 0x7f4fcb919910>
818,<__main__.SuperNode object at 0x7f4fcb939040>
819,<__main__.SuperNode object at 0x7f4fcb7e6a90>
820,<__main__.SuperNode object at 0x7f4fcb7b45b0>
821,<__main__.SuperNode object at 0x7f4fcb73f820>
822,<__main__.SuperNode object at 0x7f4fcb597460>
823,<__main__.SuperNode object at 0x7f4fcb57bd90>
824,<__main__.SuperNode object at 0x7f4fcb541670>
825,<__main__.SuperNode object at 0x7f4fcb4e3fa0>
826,<__main__.SuperNode object at 0x7f4fcb5026d0>
827,<__main__.SuperNode object at 0x7f4fcb4bf5e0>
828,<__main__.SuperNode object at 0x7f4fcb46f190>
829,<__main__.SuperNode object at 0x7f4fcb4d0a60>
830,<__main__.SuperNode object at 0x7f4fcb48d160>
831,<__main__.SuperNode object at 0x7f4fcb423fa0>
832,<__main__.SuperNode object at 0x7f4fcb3d42e0>
833,<__main__.SuperNode object at 0x7f4fcb3cd0d0>
834,<__main__.SuperNode object at 0x7f4fcb31c460>
835,<__main__.SuperNode object at 0x7f4fcb2f21c0>
836,<__main__.SuperNode object at 0x7f4fcb2a8700>
837,<__main__.SuperNode object at 0x7f4fcb232880>
838,<__main__.SuperNode object at 0x7f4fcb1d92b0>
839,<__main__.SuperNode object at 0x7f4fcb1f39a0>
840,<__main__.SuperNode object at 0x7f4fcb1961f0>
841,<__main__.SuperNode object at 0x7f4fcb1b0070>
842,<__main__.SuperNode object at 0x7f4fcb093910>
843,<__main__.SuperNode object at 0x7f4fcb0bfc10>
844,<__main__.SuperNode object at 0x7f4fcb06b6a0>
845,<__main__.SuperNode object at 0x7f4fcaffa1c0>
846,<__main__.SuperNode object at 0x7f4fcafbba60>
847,<__main__.SuperNode object at 0x7f4fcaf5fb20>
848,<__main__.SuperNode object at 0x7f4fcaee12e0>
849,<__main__.SuperNode object at 0x7f4fcaeef670>
850,<__main__.SuperNode object at 0x7f4fcaf11730>
851,<__main__.SuperNode object at 0x7f4fcaea8490>
852,<__main__.SuperNode object at 0x7f4fcae2b4c0>
853,<__main__.SuperNode object at 0x7f4fcae00970>
854,<__main__.SuperNode object at 0x7f4fcadb8fd0>
855,<__main__.SuperNode object at 0x7f4fcaa529d0>
856,<__main__.SuperNode object at 0x7f4fca9b1100>
857,<__main__.SuperNode object at 0x7f4fca923d90>
858,<__main__.SuperNode object at 0x7f4fca521f70>
859,<__main__.SuperNode object at 0x7f4fca4d0a00>
860,<__main__.SuperNode object at 0x7f4fca47fe20>
861,<__main__.SuperNode object at 0x7f4fca422ee0>
862,<__main__.SuperNode object at 0x7f4fca3d6bb0>
863,<__main__.SuperNode object at 0x7f4fca3fac70>
864,<__main__.SuperNode object at 0x7f4fcc7a2bb0>
865,<__main__.SuperNode object at 0x7f4fca264430>
866,<__main__.SuperNode object at 0x7f4fca225d00>
867,<__main__.SuperNode object at 0x7f4fca1ac5e0>
868,<__main__.SuperNode object at 0x7f4fca1653d0>
869,<__main__.SuperNode object at 0x7f4fca1232e0>
870,<__main__.SuperNode object at 0x7f4fca09c940>
871,<__main__.SuperNode object at 0x7f4fca0c3b20>
872,<__main__.SuperNode object at 0x7f4fca073f40>
873,<__main__.SuperNode object at 0x7f4fca038820>
874,<__main__.SuperNode object at 0x7f4fc9fc4220>
875,<__main__.SuperNode object at 0x7f4fc9e7d760>
876,<__main__.SuperNode object at 0x7f4fc9e50c10>
877,<__main__.SuperNode object at 0x7f4fc9df2cd0>
878,<__main__.SuperNode object at 0x7f4fc9d9f760>
879,<__main__.SuperNode object at 0x7f4fc9d2a9d0>
880,<__main__.SuperNode object at 0x7f4fc9c97460>
881,<__main__.SuperNode object at 0x7f4fc9ccb130>
882,<__main__.SuperNode object at 0x7f4fc9c6d1f0>
883,<__main__.SuperNode object at 0x7f4fc9b78bb0>
884,<__main__.SuperNode object at 0x7f4fc9b34ac0>
885,<__main__.SuperNode object at 0x7f4fc9ae0550>
886,<__main__.SuperNode object at 0x7f4fc9b07fa0>
887,<__main__.SuperNode object at 0x7f4fc9a392e0>
888,<__main__.SuperNode object at 0x7f4fc99dcc10>
889,<__main__.SuperNode object at 0x7f4fc9a00460>
890,<__main__.SuperNode object at 0x7f4fc999ec70>
891,<__main__.SuperNode object at 0x7f4fc9957a60>
892,<__main__.SuperNode object at 0x7f4fc993cb20>
893,<__main__.SuperNode object at 0x7f4fc98ec6d0>
894,<__main__.SuperNode object at 0x7f4fc9907dc0>
895,<__main__.SuperNode object at 0x7f4fc980ddf0>
896,<__main__.SuperNode object at 0x7f4fc97b4fd0>
897,<__main__.SuperNode object at 0x7f4fc9768ca0>
898,<__main__.SuperNode object at 0x7f4fc9709c40>
899,<__main__.SuperNode object at 0x7f4fc96b6f40>
900,<__main__.SuperNode object at 0x7f4fc952cc40>
901,<__main__.SuperNode object at 0x7f4fc916af40>
902,<__main__.SuperNode object at 0x7f4fc9145dc0>
903,<__main__.SuperNode object at 0x7f4fc90e44f0>
904,<__main__.SuperNode object at 0x7f4fc90bcac0>
905,<__main__.SuperNode object at 0x7f4fc8fa3b80>
906,<__main__.SuperNode object at 0x7f4fc8f5e220>
907,<__main__.SuperNode object at 0x7f4fc8f18880>
908,<__main__.SuperNode object at 0x7f4fc8f50670>
909,<__main__.SuperNode object at 0x7f4fc8ea3b20>
910,<__main__.SuperNode object at 0x7f4fc8ebe9a0>
911,<__main__.SuperNode object at 0x7f4fc8e53700>
912,<__main__.SuperNode object at 0x7f4fc8e92610>
913,<__main__.SuperNode object at 0x7f4fc8da5250>
914,<__main__.SuperNode object at 0x7f4fc8d74e50>
915,<__main__.SuperNode object at 0x7f4fc8ce92b0>
916,<__main__.SuperNode object at 0x7f4fc8c089a0>
917,<__main__.SuperNode object at 0x7f4fc8b5c5e0>
918,<__main__.SuperNode object at 0x7f4fc8b194f0>
919,<__main__.SuperNode object at 0x7f4fc8b26850>
920,<__main__.SuperNode object at 0x7f4fc8b37d30>
921,<__main__.SuperNode object at 0x7f4fc8adadf0>
922,<__main__.SuperNode object at 0x7f4fc8acb9a0>
923,<__main__.SuperNode object at 0x7f4fc88e55e0>
924,<__main__.SuperNode object at 0x7f4fc88644f0>
925,<__main__.SuperNode object at 0x7f4fc88140a0>
926,<__main__.SuperNode object at 0x7f4fc87ddb80>
927,<__main__.SuperNode object at 0x7f4fc8812850>
928,<__main__.SuperNode object at 0x7f4fc87b17f0>
929,<__main__.SuperNode object at 0x7f4fc87c7550>
930,<__main__.SuperNode object at 0x7f4fc87654f0>
931,<__main__.SuperNode object at 0x7f4fc873cac0>
932,<__main__.SuperNode object at 0x7f4fc8752820>
933,<__main__.SuperNode object at 0x7f4fc86fe2b0>
934,<__main__.SuperNode object at 0x7f4fc86b6910>
935,<__main__.SuperNode object at 0x7f4fc8669d30>
936,<__main__.SuperNode object at 0x7f4fc868adf0>
937,<__main__.SuperNode object at 0x7f4fc863eac0>
938,<__main__.SuperNode object at 0x7f4fc8609d30>
939,<__main__.SuperNode object at 0x7f4fc8429220>
940,<__main__.SuperNode object at 0x7f4fc83ee370>
941,<__main__.SuperNode object at 0x7f4fc8399670>
942,<__main__.SuperNode object at 0x7f4fc83cdbb0>
943,<__main__.SuperNode object at 0x7f4fc837efd0>
944,<__main__.SuperNode object at 0x7f4fc838bac0>
945,<__main__.SuperNode object at 0x7f4fc833b6a0>
946,<__main__.SuperNode object at 0x7f4fc82d9eb0>
947,<__main__.SuperNode object at 0x7f4fc830e310>
948,<__main__.SuperNode object at 0x7f4fc8253cd0>
949,<__main__.SuperNode object at 0x7f4fc827aeb0>
950,<__main__.SuperNode object at 0x7f4fc8227940>
951,<__main__.SuperNode object at 0x7f4fc8252c40>
952,<__main__.SuperNode object at 0x7f4fc81f1be0>
953,<__main__.SuperNode object at 0x7f4fc820c1f0>
954,<__main__.SuperNode object at 0x7f4fc806d8e0>
955,<__main__.SuperNode object at 0x7f4fc8050130>
956,<__main__.SuperNode object at 0x7f4fc800e040>
957,<__main__.SuperNode object at 0x7f4fc7f83580>
958,<__main__.SuperNode object at 0x7f4fc7f2b760>
959,<__main__.SuperNode object at 0x7f4fc7f424c0>
960,<__main__.SuperNode object at 0x7f4fc7e98a90>
961,<__main__.SuperNode object at 0x7f4fc7f4f160>
962,<__main__.SuperNode object at 0x7f4fc7dc0310>
963,<__main__.SuperNode object at 0x7f4fc7d71fa0>
964,<__main__.SuperNode object at 0x7f4fc7d516d0>
965,<__main__.SuperNode object at 0x7f4fc7ca3b80>
966,<__main__.SuperNode object at 0x7f4fc7c60a90>
967,<__main__.SuperNode object at 0x7f4fc7c1d9a0>
968,<__main__.SuperNode object at 0x7f4fc7c48ca0>
969,<__main__.SuperNode object at 0x7f4fc7bd5790>
970,<__main__.SuperNode object at 0x7f4fc7badd90>
971,<__main__.SuperNode object at 0x7f4fc7b611f0>
972,<__main__.SuperNode object at 0x7f4fc7b88c40>
973,<__main__.SuperNode object at 0x7f4fc7b1f100>
974,<__main__.SuperNode object at 0x7f4fc7b3c0d0>
975,<__main__.SuperNode object at 0x7f4fc7aaed60>
976,<__main__.SuperNode object at 0x7f4fc7a621c0>
977,<__main__.SuperNode object at 0x7f4fc7a20940>
978,<__main__.SuperNode object at 0x7f4fc79e9bb0>
979,<__main__.SuperNode object at 0x7f4fc7995eb0>
980,<__main__.SuperNode object at 0x7f4fc79c51f0>
981,<__main__.SuperNode object at 0x7f4fc797e850>
982,<__main__.SuperNode object at 0x7f4fc7938640>
983,<__main__.SuperNode object at 0x7f4fc78f9670>
984,<__main__.SuperNode object at 0x7f4fc76a7fa0>
985,<__main__.SuperNode object at 0x7f4fc7676ac0>
986,<__main__.SuperNode object at 0x7f4fc768c820>
987,<__main__.SuperNode object at 0x7f4fc76382b0>
988,<__main__.SuperNode object at 0x7f4fc75e76d0>
989,<__main__.SuperNode object at 0x7f4fc7601550>
990,<__main__.SuperNode object at 0x7f4fc6f9dcd0>
991,<__main__.SuperNode object at 0x7f4fc6d1d130>
992,<__main__.SuperNode object at 0x7f4fc6d41a60>
993,<__main__.SuperNode object at 0x7f4fc6ce32b0>
994,<__main__.SuperNode object at 0x7f4fc6d06370>
995,<__main__.SuperNode object at 0x7f4fc6afb670>
996,<__main__.SuperNode object at 0x7f4fc6ab3460>
997,<__main__.SuperNode object at 0x7f4fc6a5ffd0>
998,<__main__.SuperNode object at 0x7f4fc6a17dc0>
999,<__main__.SuperNode object at 0x7f4fc69d5cd0>
1000,<__main__.SuperNode object at 0x7f4fc68bf5b0>
1001,<__main__.SuperNode object at 0x7f4fc68319d0>
1002,<__main__.SuperNode object at 0x7f4fc67db460>
1003,<__main__.SuperNode object at 0x7f4fc66da250>
1004,<__main__.SuperNode object at 0x7f4fc6706550>
1005,<__main__.SuperNode object at 0x7f4fc66548e0>
1006,<__main__.SuperNode object at 0x7f4fc64b4eb0>
1007,<__main__.SuperNode object at 0x7f4fc645b820>
1008,<__main__.SuperNode object at 0x7f4fc61b0940>
1009,<__main__.SuperNode object at 0x7f4fc613fcd0>
1010,<__main__.SuperNode object at 0x7f4fc60f3130>
1011,<__main__.SuperNode object at 0x7f4fc60a3dc0>
1012,<__main__.SuperNode object at 0x7f4fc6057a90>
1013,<__main__.SuperNode object at 0x7f4fc5f802e0>
1014,<__main__.SuperNode object at 0x7f4fc5e5e9d0>
1015,<__main__.SuperNode object at 0x7f4fc5e85bb0>
1016,<__main__.SuperNode object at 0x7f4fc5e24b50>
1017,<__main__.SuperNode object at 0x7f4fc5ddc940>
1018,<__main__.SuperNode object at 0x7f4fc5c67970>
1019,<__main__.SuperNode object at 0x7f4fc5c21850>
1020,<__main__.SuperNode object at 0x7f4fc5c44910>
1021,<__main__.SuperNode object at 0x7f4fc5ba48b0>
1022,<__main__.SuperNode object at 0x7f4fc5b77d60>
1023,<__main__.SuperNode object at 0x7f4fc5b1be20>
1024,<__main__.SuperNode object at 0x7f4fc5b35430>
1025,<__main__.SuperNode object at 0x7f4fc58b1790>
1026,<__main__.SuperNode object at 0x7f4fc57da130>
1027,<__main__.SuperNode object at 0x7f4fc57fe1f0>
1028,<__main__.SuperNode object at 0x7f4fc579da00>
1029,<__main__.SuperNode object at 0x7f4fc57ade80>
1030,<__main__.SuperNode object at 0x7f4fc57c4c10>
1031,<__main__.SuperNode object at 0x7f4fc57b3940>
1032,<__main__.SuperNode object at 0x7f4fc5762be0>
1033,<__main__.SuperNode object at 0x7f4fc578a550>
1034,<__main__.SuperNode object at 0x7f4fc57202b0>
1035,<__main__.SuperNode object at 0x7f4fc56e9d90>
1036,<__main__.SuperNode object at 0x7f4fc569f1f0>
1037,<__main__.SuperNode object at 0x7f4fc5653fa0>
1038,<__main__.SuperNode object at 0x7f4fc5505b20>
1039,<__main__.SuperNode object at 0x7f4fc54c7310>
1040,<__main__.SuperNode object at 0x7f4fc53a1070>
1041,<__main__.SuperNode object at 0x7f4fc53c8ac0>
1042,<__main__.SuperNode object at 0x7f4fc53620d0>
1043,<__main__.SuperNode object at 0x7f4fc538d3d0>
1044,<__main__.SuperNode object at 0x7f4fc531f850>
1045,<__main__.SuperNode object at 0x7f4fc534f430>
1046,<__main__.SuperNode object at 0x7f4fc5279eb0>
1047,<__main__.SuperNode object at 0x7f4fc522d310>
1048,<__main__.SuperNode object at 0x7f4fc515ffa0>
1049,<__main__.SuperNode object at 0x7f4fc5190b20>
1050,<__main__.SuperNode object at 0x7f4fc512b9d0>
1051,<__main__.SuperNode object at 0x7f4fc5091220>
1052,<__main__.SuperNode object at 0x7f4fc4fe4f40>
1053,<__main__.SuperNode object at 0x7f4fc500b040>
1054,<__main__.SuperNode object at 0x7f4fc4fa1610>
1055,<__main__.SuperNode object at 0x7f4fc4fbb490>
1056,<__main__.SuperNode object at 0x7f4fc4f85700>
1057,<__main__.SuperNode object at 0x7f4fc4f2c070>
1058,<__main__.SuperNode object at 0x7f4fc4f46fd0>
1059,<__main__.SuperNode object at 0x7f4fc4ef6b80>
1060,<__main__.SuperNode object at 0x7f4fc4eb9bb0>
1061,<__main__.SuperNode object at 0x7f4fc4dc7e20>
1062,<__main__.SuperNode object at 0x7f4fc4d7baf0>
1063,<__main__.SuperNode object at 0x7f4fc4d1aa90>
1064,<__main__.SuperNode object at 0x7f4fc4d34910>
1065,<__main__.SuperNode object at 0x7f4fc4d45dc0>
1066,<__main__.SuperNode object at 0x7f4fc4c84cd0>
1067,<__main__.SuperNode object at 0x7f4fc4bed640>
1068,<__main__.SuperNode object at 0x7f4fc4b68430>
1069,<__main__.SuperNode object at 0x7f4fc4b1d970>
1070,<__main__.SuperNode object at 0x7f4fc4b316d0>
1071,<__main__.SuperNode object at 0x7f4fc4b51ee0>
1072,<__main__.SuperNode object at 0x7f4fc4b3a0a0>
1073,<__main__.SuperNode object at 0x7f4fc4a27b50>
1074,<__main__.SuperNode object at 0x7f4fc4a4ed30>
1075,<__main__.SuperNode object at 0x7f4fc49a6a90>
1076,<__main__.SuperNode object at 0x7f4fc4961130>
1077,<__main__.SuperNode object at 0x7f4fc47b8d30>
1078,<__main__.SuperNode object at 0x7f4fc4729070>
1079,<__main__.SuperNode object at 0x7f4fc4750250>
1080,<__main__.SuperNode object at 0x7f4fc46dad00>
1081,<__main__.SuperNode object at 0x7f4fc442be80>
1082,<__main__.SuperNode object at 0x7f4fc4343250>
1083,<__main__.SuperNode object at 0x7f4fc42a2a60>
1084,<__main__.SuperNode object at 0x7f4fc4225a90>
1085,<__main__.SuperNode object at 0x7f4fc41d5640>
1086,<__main__.SuperNode object at 0x7f4fc419e8b0>
1087,<__main__.SuperNode object at 0x7f4fc41724f0>
1088,<__main__.SuperNode object at 0x7f4fc4190d00>
1089,<__main__.SuperNode object at 0x7f4fc412a310>
1090,<__main__.SuperNode object at 0x7f4fc4151d60>
1091,<__main__.SuperNode object at 0x7f4fc40f5e20>
1092,<__main__.SuperNode object at 0x7f4fc40ad3a0>
1093,<__main__.SuperNode object at 0x7f4fc40586a0>
1094,<__main__.SuperNode object at 0x7f4fc4019f40>
1095,<__main__.SuperNode object at 0x7f4fc404aaf0>
1096,<__main__.SuperNode object at 0x7f4fc3faa220>
1097,<__main__.SuperNode object at 0x7f4fc3f6b250>
1098,<__main__.SuperNode object at 0x7f4fc3f4ca60>
1099,<__main__.SuperNode object at 0x7f4fc3ea78e0>
1100,<__main__.SuperNode object at 0x7f4fc3e5b5b0>
1101,<__main__.SuperNode object at 0x7f4fc3e19d30>
1102,<__main__.SuperNode object at 0x7f4fc3ddbd60>
1103,<__main__.SuperNode object at 0x7f4fc3da0eb0>
1104,<__main__.SuperNode object at 0x7f4fc3d59ca0>
1105,<__main__.SuperNode object at 0x7f4fc3d84730>
1106,<__main__.SuperNode object at 0x7f4fc3ce05b0>
1107,<__main__.SuperNode object at 0x7f4fc3d0c8b0>
1108,<__main__.SuperNode object at 0x7f4fc3caf970>
1109,<__main__.SuperNode object at 0x7f4fc3c6a880>
1110,<__main__.SuperNode object at 0x7f4fc3bb5160>
1111,<__main__.SuperNode object at 0x7f4fc3bc9730>
1112,<__main__.SuperNode object at 0x7f4fc3a76910>
1113,<__main__.SuperNode object at 0x7f4fc3a4adc0>
1114,<__main__.SuperNode object at 0x7f4fc34fa3d0>
1115,<__main__.SuperNode object at 0x7f4fc34351c0>
1116,<__main__.SuperNode object at 0x7f4fc33e04c0>
1117,<__main__.SuperNode object at 0x7f4fc33a1d60>
1118,<__main__.SuperNode object at 0x7f4fc3355a30>
1119,<__main__.SuperNode object at 0x7f4fc337ec10>
